Track name,Artist name,Album,Playlist name,Type,ISRC,Spotify - id
"Disco Descent","Danny Baranowsky","Crypt of the Necrodancer (Original Game Soundtrack)","Favoritas","Playlist","USQY51560135","3uRikCofTghf4GBr5NXH1K"
"Creep - BYOR Remix","Naeleck","Creep (BYOR Remix)","Favoritas","Playlist","GBKQU2280664","41TkFhNYljV7omolLJ6Squ"
"Kuvera","E.S. Posthumus","Makara","Favoritas","Playlist","USL941000006","4o2HNr1GdTEU9BJoTIbWM6"
"Love Is Noise","The Verve","Forth","Favoritas","Playlist","GBAAA0800519","0P6YJv6QXReDChZBbpvFmF"
"The Last Steampunk Waltz","Ghostfire","The Last Steampunk Waltz","Favoritas","Playlist","TCACI1571052","6FKKO4AzapkLjSyhgl764Q"
"A Pain That I'm Used To","Depeche Mode","Playing the Angel (Deluxe)","Favoritas","Playlist","GBAJH0501446","2G2PdkATB8EADrjHhXQuPP"
"Quutamo","Apocalyptica","Apocalyptica","Favoritas","Playlist","DEN120408103","7rzjTJjI1GJoj1pWkiHgmk"
"Traffic - Radio Edit","Tiësto","Just Be","Favoritas","Playlist","NLE710480323","4dFsZLGVr40S9veNWXBCoe"
"In My Mind","Dynoro","In My Mind","Favoritas","Playlist","QZ22B1859046","0E9ZjEAyAwOXZ7wJC0PD33"
"Wherever You Will Go","The Calling","Camino Palmero","Favoritas","Playlist","USRC10001047","5QpaGzWp0hwB5faV8dkbAz"
"How You Remind Me","Nickelback","Silver Side Up","Favoritas","Playlist","NLA320119533","0gmbgwZ8iqyMPmXefof8Yf"
"BURN IT DOWN","Linkin Park","LIVING THINGS","Favoritas","Playlist","USWB11200587","7oVEtyuv9NBmnytsCIsY5I"
"Hate To Say I Told You So","The Hives","Veni Vidi Vicious","Favoritas","Playlist","SEVHC0007060","20j7B6mL9gnNvG3ic6Vwh5"
"Take on Me","a-ha","Hunting High and Low","Favoritas","Playlist","USWB19901214","2WfaOiMkCvy7F5fcp2zZ8L"
"Creep","Radiohead","Pablo Honey","Favoritas","Playlist","GBAYE9200070","70LcF31zb1H0PyJoS1Sx1r"
"Hell Yeah","Rev Theory","Light It Up","Favoritas","Playlist","USUM70811029","2qABxQZhfAthNxszLiSsUw"
"Savages (feat. Alice Cooper)","Theory of a Deadman","Savages","Favoritas","Playlist","NLA321400205","0NBlnydSfOcbVlMCbXRIB6"
"The World Is Saved","Danny Wiessner","The World Is Saved - Single","Favoritas","Playlist","USTCG1066759","32Fsuztl2Q33vauKI8y2sD"
"Take a Bow","Muse","Black Holes and Revelations","Favoritas","Playlist","GBAHT0500591","4jrCMOG9OPe6iF4vWFxatb"
"Smooth Criminal","David Garrett","David Garrett","Favoritas","Playlist","GBBBA0841930","6LmzJAeI0WCTI7N0bWH34K"
"The Devil You Know","Blues Saraceno","The Devil You Know","Favoritas","Playlist","GBBPP1854677","6kr0kSzKS88OusrdmZTUb6"
"Airship Pirate","Abney Park","Lost Horizons","Favoritas","Playlist","usy280754892","4LcBPS0aOSrQ4trRwFli3t"
"I'm Shipping Up To Boston","Dropkick Murphys","The Warrior's Code","Favoritas","Playlist","USHEL0504111","7rSERmjAT38lC5QhJ8hnQc"
"Valhalla Calling - Metal Version","Miracle Of Sound","Valhalla Calling (Metal Version)","Favoritas","Playlist","QZES52158023","2XGPxkw1HQGRNcUSBJLZaD"
"Valhalla Calling - Duet Version","Miracle Of Sound","Valhalla Calling (Duet Version)","Favoritas","Playlist","QZNWU2150691","3K92Zoo7QRawQAWQFXBF3V"
"Hauptsächlich Gitarre Spielen","Metall Herren","Eine Frau Und Mehrere Gitarren","Favoritas","Playlist","QZHZ32269251","1luI583Wgt5OU4I6Mk2nuS"
"Trotze Der Maschine","Metall Herren","Eine Frau Und Mehrere Gitarren","Favoritas","Playlist","QZHZ32269250","24nyZCd6JtKXgOsVkNcUK8"
"Knall Knall, Mystery Man","Metall Herren","Eine Frau Und Mehrere Gitarren","Favoritas","Playlist","QZHZ32269249","6X8Ew2YQ7yyV1Dzl8qTdHx"
"Stranger Things Theme","Megaraptor","Stranger Things Theme","Favoritas","Playlist","uscgj2256574","3ytqHEiByMl71ri2ADcx0v"
"Running Up That Hill - Epic Version (from ""Stranger Things) - Cover","Samuel Kim","Running Up That Hill - Epic Version (from ""Stranger Things) [Cover]","Favoritas","Playlist","QZK6J2256720","7oe1XGwYoXE3dd1v5ygE0z"
"Burn it to the Ground","Nickelback","Dark Horse","Favoritas","Playlist","NLA320888014","4pckuF6VOu58o1pMFUdlPW"
"Carol of The Bells - Epic Version - Original","Samuel Kim","Carol of The Bells - Epic Version (Original)","Favoritas","Playlist","QZNWZ2008969","4U3gPCUKdZD2sb16l7KMH3"
"Thunderstruck","Angus Young","Encore","Favoritas","Playlist","GBBBA0841980","356Fq8MisgnozLgdGQWpic"
"Amerika","Rammstein","Reise, Reise","Favoritas","Playlist","DEN120404987","1a8JpAL3vbAdXYrEABvOtb"
"When Legends Rise","Godsmack","When Legends Rise","Favoritas","Playlist","QMRSZ1703236","367RiGuLVLO3DTer4NuRLJ"
"Metalingus","Alter Bridge","One Day Remains","Favoritas","Playlist","USWU30400101","3UULkHdmLDqBDPmBYltoRE"
"Numb","Linkin Park","Meteora (Bonus Edition)","Favoritas","Playlist","USWB10300474","1y1sChqjzdNWzwdHQADMrR"
"Numb / Encore","JAY-Z","Collision Course (Deluxe Version)","Favoritas","Playlist","USWB10403681","7dyluIqv7QYVTXXZiMWPHW"
"Crawling","Linkin Park","Hybrid Theory (Bonus Edition)","Favoritas","Playlist","USWB10002405","57BrRMwf9LrcmuOsyGilwr"
"Word Up!","Korn","Word Up! (The Remixes)","Favoritas","Playlist","USSM10411917","1pHPpLVH2XEN0xYRoQs4wq"
"Wicked Game","HIM","Greatest Love Songs Vol. 666","Favoritas","Playlist","FIBAR9700075","5XenUjG7cRnTkUe8AVuuMX"
"Plug in Baby","Muse","Origin of Symmetry","Favoritas","Playlist","GBCVT0000025","2UKARCqDrhkYDoVR4FN5Wi"
"Cascade","Hyper","We Control","Favoritas","Playlist","GBMKC0600009","3Q211SgoRM8zMmGV35IaIN"
"Bodyrock","Moby","Play","Favoritas","Playlist","GBAJH9900040","3aTb5EUBOlNDSEcaTFI7Jj"
"The Riff","Lordi","To Beast Or Not To Beast","Favoritas","Playlist","FIBAR1200241","1phpo4xjmDAWV2kQqRwpAO"
"First Time","Cervello","Cervello","Favoritas","Playlist","SEVGT1001801","40tfS1vsdZ8EQAOqooDVvK"
"Hello - I Just Came to Say Hello","Lady Aqua","Hello (I Want U Back With Ur Love)","Favoritas","Playlist","DEE601100146","1Xt5tpbIur3WH0KvvtJtRn"
"Sovngarde Song","Miracle Of Sound","Level 1","Favoritas","Playlist","TCABC1186738","2TZHK04vqYWVPmIrmQ6kfL"
"Money","I Fight Dragons","Cool Is Just A Number","Favoritas","Playlist","USAT21000518","2T8KA7mD6VFZ45QGfLceos"
"New Noise","Steve Aoki","New Noise (feat. Refused)","Favoritas","Playlist","NLB391000001","2wp6CvEaL4wyGXttE3tuTc"
"Wrong Way","Creed","Human Clay","Favoritas","Playlist","USWU39905053","2dtNP8isbVUs3DWW86cMwX"
"Why I'm Here","Oleander","February Son","Favoritas","Playlist","USUR19801562","0hgOGzUYKKQbQcWDoJpM6H"
"Anti You","Blue Stahli","Blue Stahli (Deluxe Edition)","Favoritas","Playlist","USI4R1058117","2eeUUqITZqOEuNByNoCZG5"
"Rockstar","Blue Stahli","The Devil (Deluxe Edition)","Favoritas","Playlist","QM5LC1500615","0J9xyNtSafUCjLksYrwFqI"
"Do I Wanna Know?","Arctic Monkeys","AM","Favoritas","Playlist","GBCEL1300362","5FVd6KXrgO9B3JPmC8OPst"
"Riot","Dance With the Dead","The Shape","Favoritas","Playlist","TCACL1692674","5k3VFeS8Icp6OCc7qsW2ls"
"They Say","Daron Malakian and Scars On Broadway","Scars on Broadway","Favoritas","Playlist","USUM70815991","297lTBnCfkMyqzCfDCpqn6"
"The Pizzicato Mafia","Sound Stabs","ONE","Favoritas","Playlist","GBSMU1677396","2rjPF6L9EndsFYmiIGch3e"
"The Attack of The Hipster Zombies","Sound Stabs","ONE","Favoritas","Playlist","GBSMU1677394","7lITp9K8Z7uZIOE232LxC9"
"Ready Aim Fire","Blue Stahli","The Devil (Deluxe Edition)","Favoritas","Playlist","QMFMG1457291","4am4K4T77bNZTlYmX3GMYa"
"Heaven (feat. Sofia Quinn) - Club Mix","Fedde Le Grand","Heaven (feat. Sofia Quinn) [Club Mix]","Favoritas","Playlist","NLZ542200145","6uTCim4OGFZOauCqHWIpu9"
"Time is Running Out","Muse","Absolution","Favoritas","Playlist","GBCVT0300078","2takcwOaAZWiXQijPHIx7B"
"Drops of Jupiter (Tell Me)","Train","Drops Of Jupiter","Favoritas","Playlist","USSM10019751","2hKdd3qO7cWr2Jo0Bcs0MA"
"Into the Unknown - Panic! At The Disco Version","Panic! At The Disco","Frozen 2 (Original Motion Picture Soundtrack/Deluxe Edition)","Favoritas","Playlist","USWD11994800","421eObjg0DTm2qajJl5OJm"
"Hysteria","Muse","Absolution","Favoritas","Playlist","GBCVT0300083","7xyYsOvq5Ec3P4fr6mM9fD"
"The River","Blues Saraceno","Dark Country 4","Favoritas","Playlist","GBBPP1645439","1kmbMgdH81XirPnEuGQ2by"
"Master of Puppets","Metallica","Stranger Things: Soundtrack from the Netflix Series, Season 4","Favoritas","Playlist","QMKHM1600219","799XxzSlWNYkuWJxUbuGnF"
"Life Burns!","Apocalyptica","Amplified - A Decade Of Reinventing The Cello","Favoritas","Playlist","DEN120408560","660yDrUefQIuhAI7HZq24T"
"When Worlds Collide","Powerman 5000","Tonight The Stars Revolt","Favoritas","Playlist","USDW19910703","6aF5JtQSrh7wNrkDE9B0My"
"Master Of Puppets","David Garrett","Rock Symphonies","Favoritas","Playlist","GBBBA1042830","3UA0F8MAYMPsgSn4MzoEMT"
"Keep on Rocking","Basto","Keep on Rocking","Favoritas","Playlist","FR52F1312001","18oyq3ocsV8gcp9Ce5zL5v"
"Knights of Cydonia","Muse","Black Holes and Revelations","Favoritas","Playlist","GBAHT0500600","7ouMYWpwJ422jRcDASZB7P"
"Mucho Más Allá","Carmen Sarahi","Frozen 2 (Banda Sonora Original en Español/Edición Deluxe)","Favoritas","Playlist","USWD11995330","6UWaMec3jc3ESl5hfSaejU"
"Drop Dead Cynical","Amaranthe","MASSIVE ADDICTIVE","Favoritas","Playlist","FIUM71400483","5VToMJACRoeT0YZNs5CYyp"
"Evil Ways (Justice Mix)","Blues Saraceno","Dark Country","Favoritas","Playlist","TCABI1214296","2J9jt3JJXCt6SR7MxLcME7"
"Battles","Alpine Universe","Battles","Favoritas","Playlist","GBRKQ2169234","3oS9E4e9ZmKMGmnICiiz9p"
"Viral","Amaranthe","Manifest","Favoritas","Playlist","DED832000450","23nQ0OXajph2n9yzYjP7Hs"
"You Know My Name - From ""Casino Royale"" Soundtrack","Chris Cornell","Carry On","Favoritas","Playlist","USUM70613448","3acBQxxlyb0jC2xqndDzSf"
"Puppet","The Dreaming","Puppet","Favoritas","Playlist","USR3N0900168","1tp2WjgVDtDK87VHtgShZq"
"Mindfreak","Criss Angel","Mindfreak","Favoritas","Playlist","usl4q2070068","3Bzo77WLRI5gg1GUQejj8p"
"Inside The Castle Walls (From ""Super Mario 64"")","FamilyJules","Video Game Guitar Covers, Vol. 3","Favoritas","Playlist","USE831584340","2Eo7GAcr9X8hzda4kX0kBp"
"The Only Thing They Fear Is You","FamilyJules","The Only Thing They Fear Is You","Favoritas","Playlist","QZES52093280","7AYSl3u70hJ402o0u0gry5"
"Focus","Chipzel","Phonetic Symphony","Favoritas","Playlist","uscgh1277343","2cH5U1Diooe8i1zT5uyKK4"
"The Empire of Winds","Alpine Universe","The Empire of Winds (Original Motion Picture Soundtrack)","Favoritas","Playlist","GBWUL2038550","2mg3b0qMy3z8aFZ08kT3U2"
"Click","Ultraspank","Progress","Favoritas","Playlist","USSM10006346","05pEwh1SxKNPNwsKoaomXH"
"Blow Me Away - Soundtrack Version","Breaking Benjamin","Blow Me Away","Favoritas","Playlist","USHR10421403","5JBH2osD5Y5AneMKPOfY1s"
"Hello","Erenity","Smash @eren1ty","Favoritas","Playlist","QZQGC2205767","1TI2fZizDgrMCfN0C3ZkYu"
"Diggy Diggy Hole","FamilyJules","Diggy Diggy Hole","Favoritas","Playlist","QZHN92289193","78SjrwII2t4GGsKun8sCV9"
"This Is Mongol","The HU","This Is Mongol","Favoritas","Playlist","USDPK2200090","0OZNo9Zwar54OYs9wkQMVb"
"Ready 2 Go","Erenity","Smash @eren1ty","Favoritas","Playlist","QZQGC2205766","70l6wcEme4yBTtnx0VYiTR"
"Lost Woods Hardstyle","DJ Zenit","Lost Woods Hardstyle","Favoritas","Playlist","TCABR1374616","2wEOkYyaXOMp1ZMA0Oa6ln"
"Requiem for a Dream","Jennifer Thomas","Illumination","Favoritas","Playlist","ushm21244619","1UQshomMs9KUJIIC7SKEWl"
"Bangarang (feat. Sirah)","Skrillex","Bangarang EP","Favoritas","Playlist","USAT21104243","6VRhkROS2SZHGlp0pxndbJ"
"Battle Cry","Imagine Dragons","Smoke + Mirrors (Deluxe)","Favoritas","Playlist","USUM71406333","6SCDzH7OCgpzwCP8yo7HIP"
"Slither","Velvet Revolver","Contraband","Favoritas","Playlist","USRC10400063","7kF1iPJTj3VFJX9XokQ80F"
"Hands Off the Wheel","Oleander","Joyride","Favoritas","Playlist","GBAJE0300008","7JIUlk5CkQAh0qiLYRL5kD"
"Shots Fired","Le Castle Vania","John Wick (Original Motion Picture Soundtrack)","Favoritas","Playlist","US3M51430918","5hxMK9b3lDs5Ah9SU0k0fC"
"Avalancha","Heroes Del Silencio","Avalancha","Favoritas","Playlist","ES5089603089","2QWiLP3WiFMtmJ08nUTWUC"
"Crypteque","Danny Baranowsky","Crypt of the Necrodancer (Original Game Soundtrack)","Favoritas","Playlist","USQY51560136","0wydxbEaB3KSKJstJVhTG5"
"Main Titles","Ramin Djawadi","Game of Thrones (Music from the HBO® Series - Season 6)","Favoritas","Playlist","USNLR1600336","4cKmnSLAhwxaWKXQhfz5Ju"
"The Battle of Lil' Slugger (Ch 1 Boss)","Danny Baranowsky","Super Meat Boy! - Official Special Edition Soundtrack","Favoritas","Playlist","TCABD1110282","7D07YUQSSUsT88l6NzcTfk"
"She - BBC Live Session","Green Day","BBC Sessions (Live)","Favoritas","Playlist","GBCAD2100220","0bP9Pe1sv6ecMnzlDWNpZw"
"This Is Gonna Hurt","Sixx:A.M.","This Is Gonna Hurt","Favoritas","Playlist","USDPK1186002","4VYHaLVaCspuhjHEmfXtL3"
"Never Dance Again","Sunset Neon","Starlight (Deluxe Edition)","Favoritas","Playlist","US6R21394289","61o43SEnbo1ZEfPMXez75m"
"Gott Sein - Version 2004","Megaherz","5","Favoritas","Playlist","DECF20400004","0FIPUXcpw3jEIziZ1fR0j6"
"Atmosphere","Kaskade","Atmosphere","Favoritas","Playlist","USUS11201442","79BziE0cPQD2MZBJwXsB1P"
"By the Way","Red Hot Chili Peppers","By the Way (Deluxe Edition)","Favoritas","Playlist","USWB10201688","1f2V8U1BiWaC9aJWmpOARe"
"Redline - Radio Edit","Wolfgang Gartner","Redline (Radio Edit)","Favoritas","Playlist","USUS11200223","01lGpydeYFOsbUph6FGRge"
"Super Bon Bon","Soul Coughing","Irresistible Bliss","Favoritas","Playlist","GBANC9600001","1njobA8NxcOtPIbLdrip0T"
"Hey Man Nice Shot","Filter","Short Bus (Expanded Edition)","Favoritas","Playlist","USRE19900522","5pQEExRHWM9XnghO6bhdLJ"
"Amsterdam - Extended Mix","Orjan Nilsen","Amsterdam","Favoritas","Playlist","NLF711202915","5oyNDmNhqh8NP8Y064APEx"
"Elevation (Tomb Raider Mix)","KnightsBridge","Popular Pop Rock Tunes","Favoritas","Playlist","CAM460409253","09WtC1kK5I9r6BKkSqayPR"
"Burn","The Cure","The Crow Original Motion Picture Soundtrack","Favoritas","Playlist","USAT20180654","0tHOTQBn2M4CD2dcyHivth"
"This Is War","Thirty Seconds To Mars","This Is War","Favoritas","Playlist","USVI20900430","2D52zjCyqEIQa221lhw6uk"
"Take Me Out","Franz Ferdinand","Franz Ferdinand","Favoritas","Playlist","GBCEL0300192","20I8RduZC2PWMWTDCZuuAN"
"Rip & Tear","Mick Gordon","Doom (Original Game Soundtrack)","Favoritas","Playlist","QMTH31600017","5soMJpcVhSrGrB4prvPL6P"
"Doom Theme - Remix","SayMaxWell","Doom Theme (Remix)","Favoritas","Playlist","FR96X1766817","7HmZPTWMa8oeY1kcw5icod"
"Fairy Tail Main Theme (dj-Jo Remix)","dj-Jo","Fairy Tail Main Theme (dj-Jo Remix)","Favoritas","Playlist","USE830923231","62k9LqziKGl7nMeDWsKUO5"
"Keep Hope Alive","The Crystal Method","Vegas","Favoritas","Playlist","USOU19700306","3MmAMXCl5e3oJFMzhpfXkM"
"Hey Boy Hey Girl","The Chemical Brothers","Surrender","Favoritas","Playlist","GBAAA9900303","7kXmJwrZGIhDaLT9sNo3ut"
"James Bond Theme - Moby's Re-version","Moby","I Like To Score","Favoritas","Playlist","USEE10181554","3BPKKzuQTeKLRCVfVaF4BS"
"Maps","Yeah Yeah Yeahs","Fever To Tell (Deluxe Remastered)","Favoritas","Playlist","USIR10300259","0hDQV9X1Da5JrwhK8gu86p"
"Seven Nation Army","The White Stripes","Elephant","Favoritas","Playlist","USVT10300001","3dPQuX8Gs42Y7b454ybpMR"
"Supermassive Black Hole","Muse","Black Holes and Revelations","Favoritas","Playlist","GBAHT0500593","3lPr8ghNDBLc2uZovNyLs9"
"Our Origin","Armin van Buuren","Our Origin","Favoritas","Playlist","NLF711808020","3SeowzTaXWE7YsIvltrFgE"
"Melody","Oliver Heldens","Melody","Favoritas","Playlist","NLZ541500121","5Qxw0150DBPE5HErLTrxgs"
"End of Time","K-391","End of Time","Favoritas","Playlist","NOG842001010","67O8CWXxPsfz8orZVGMQwf"
"Alone","Different Heaven","Alone","Favoritas","Playlist","FR4GL1082996","3mxPq7JaLcYXno1PYw8q71"
"Kick Ass (From the Feature Film)","Superhero","Kick Ass (From the Feature Film)","Favoritas","Playlist","USTCE1074338","2zChXT9D6R0s5UnTWQ2Vz1"
"Living In A Dream","Finger Eleven","Life Turns Electric (BonusTrack Version)","Favoritas","Playlist","USWU31000099","2HaUEu0wAO5AOT0UB3i0LO"
"Wrecked","Imagine Dragons","Wrecked","Favoritas","Playlist","USUM72110166","2d1MywHy6FwKdzxFuSJnwl"
"The Creeps","Garbage","No Gods No Masters","Favoritas","Playlist","GB5KW2003869","2m7QYPE80u17VObkhZU0uy"
"Shy Away - Livestream Version","Twenty One Pilots","Shy Away (Livestream Version)","Favoritas","Playlist","USAT22102707","1IabIaXAoATo0Rc4y8tdlz"
"Minion (Remix)","Djmarkie","Minion (Remix)","Favoritas","Playlist","TCACT1688687","3H02NoVI6OnKSg5u8CLzZd"
"Contrapunto para Humano y Computadora","El Cuarteto De Nos","Contrapunto para Humano y Computadora","Favoritas","Playlist","ARF101900231","3Fy1m7uf0NJI8rjRsDA6sF"
"Walk","Foo Fighters","Wasting Light","Favoritas","Playlist","USRW31100002","76Je5Wklky23mVoxiRszcN"
"Learn to Fly","Foo Fighters","There Is Nothing Left To Lose","Favoritas","Playlist","USRW39900002","5OQsiBsky2k2kDKy2bX2eT"
"Rust, Dust & Guts","Mick Gordon","Doom (Original Game Soundtrack)","Favoritas","Playlist","QMTH31600019","19Ww94Uzf6DTXzRkRUQ3XA"
"Frontier","Krale","Frontier","Favoritas","Playlist","GB2LD0901819","4hQZtOZWZKQ0OOMG2dEY8e"
"Time Is Running Out","Apollo 440","Dude Descending A Staircase","Favoritas","Playlist","GBBBN0300207","1D2j6pnnMigomGUx1qgukh"
"Stop the Rock","Apollo 440","Gettin' High On Your Own Supply","Favoritas","Playlist","GBBBM9902102","37jrubWAb4F9TY2GgSRG56"
"New Future Weapon","Billy Idol","Idolize Yourself: The Very Best Of Billy Idol","Favoritas","Playlist","USCA20803006","7cQigvdJ20z6SWIObqaasa"
"Maniac","Firewind","The Premonition","Favoritas","Playlist","US4E40844810","2fLXgNuhqugprkOOpAqRHs"
"In the Shadows","The Rasmus","Dead Letters","Favoritas","Playlist","SEVJH0201601","1fr92Vupmcs2vgLMFVQ7rd"
"Caught in the Middle","Nemesea","The Quiet Resistance","Favoritas","Playlist","ATN261138502","0jxYrR78Nz27X4Z9f8fxF3"
"Champion Sound (From ""Assassin's Creed Syndicate"")","ill Factor","Champion Sound (From ""Assassin's Creed Syndicate"") - Single","Favoritas","Playlist","CA2BN1501590","3hCa7ITohBJ6yUZe9VXI5M"
"Chin Up","Michael Woods","Chin Up","Favoritas","Playlist","NLF711503300","2KxC2FpQMuddyCBoRYWfx8"
"Adagio For Strings","Tiësto","Just Be","Favoritas","Playlist","NLE710480320","3dSwVSB6aFqXThG1c53GSq"
"Apollo Road (with ATB)","Dash Berlin","Music Is Life","Favoritas","Playlist","PLB381200404","2NFEUeUKaJ0EBUoCNdZpza"
"Blood Is Pumping","Voodoo & Serano","Dark Trance Vs. Neo-Goth","Favoritas","Playlist","USA370521687","0RqYFlUvMjCfNG9oP2KVuT"
"What I've Done","Linkin Park","Minutes to Midnight","Favoritas","Playlist","USWB10700721","18lR4BzEs7e3qzc0KVkTpU"
"Gerudo Valley (dj-Jo Remix)","dj-Jo","Gerudo Valley (dj-Jo Remix)","Favoritas","Playlist","USE830923530","2TmKpa7JgDYjutdnfsFHMv"
"I Could Be The One (Avicii Vs. Nicky Romero) - Radio Edit","Avicii","I Could Be The One [Avicii vs Nicky Romero]","Favoritas","Playlist","SEUM71201601","1sh6lL6cmlcwhqZKGiKBua"
"Rock and Awe","Tim Wynn","Command & Conquer: Red Alert 3 (Original Soundtrack)","Favoritas","Playlist","CAN110900211","46zg6gMId55fmUVqbTwg8c"
"Hell March 1","From First To Last","Command & Conquer: Red Alert 3 (Original Soundtrack)","Favoritas","Playlist","CAN110900201","0mzLb3leuRs3ir9wFLJsyK"
"Blinding Lights","The Weeknd","After Hours","Favoritas","Playlist","USUG11904206","0VjIjW4GlUZAMYd2vXMi3b"
"Control - Juno Reactor Instrumental","Traci Lords","Control","Favoritas","Playlist","GBAAP9500470","1tBjefTStz0QuIKnX2U6NK"
"Semi-Automatic","Twenty One Pilots","Vessel","Favoritas","Playlist","USAT21203516","70Cp0ukCMyWeJML77NGERU"
"Heads Will Roll - A-Trak Remix Radio Edit","Yeah Yeah Yeahs","Party Bangers 2020","Favoritas","Playlist","USUM70906805","4HTwtT08PGNr6GrikqP9w9"
"The Legend of Mother Swan","The HU","The Gereg","Favoritas","Playlist","USDPK1900011","0q8qLv0DTVWKkOS0R510Pg"
"The Great Chinggis Khaan","The HU","The Gereg","Favoritas","Playlist","USDPK1900010","4ZQP4RH4dhYVpwTqTqnYrE"
"Wolf Totem (feat. Jacoby Shaddix of Papa Roach)","The HU","The Gereg (Deluxe Edition)","Favoritas","Playlist","USDPK1900170","35UsDRvnFWxVhvo2LtmMtG"
"Yuve Yuve Yu","The HU","The Gereg","Favoritas","Playlist","TCADX1835822","7dH9Qnbb7pwDahy1Vb9ZQa"
"Wolf Totem","The HU","The Gereg","Favoritas","Playlist","TCADY1880557","5hISmTJXBXdOes4htbUhGk"
"Nice to Meet Me","Zack Hemsey","Ronin","Favoritas","Playlist","US5C31300003","232JdROTqhi1MRAUghFZdS"
"See What I've Become","Zack Hemsey","The Way","Favoritas","Playlist","US5C31100009","0eOyvQ2SeejSS0zJmLS4Wq"
"I Was a Teenage Teenager","Green Day","Father of All...","Favoritas","Playlist","USRE11900385","1joLi42twnPqACG3pfcHMM"
"Oh Yeah!","Green Day","Father of All...","Favoritas","Playlist","USRE11900383","1VsFIGQytB26cDHViCLjQi"
"End Of Me","Ashes Remain","What I've Become","Favoritas","Playlist","USM2C1100707","4rBJhbvK48X8aoQbgOD71Y"
"Livin' On A Prayer","Bon Jovi","Slippery When Wet","Favoritas","Playlist","USPR38619998","37ZJ0p5Jm13JPevGcx4SkF"
"Dragula","Rob Zombie","Hellbilly Deluxe","Favoritas","Playlist","USGF19821203","6Nm8h73ycDG2saCnZV8poF"
"My Happy Ending","Avril Lavigne","Under My Skin","Favoritas","Playlist","USAR10400486","6sqNctd7MlJoKDOxPVCAvU"
"Pursuit Of Happiness - Extended Steve Aoki Remix","Kid Cudi","Pursuit Of Happiness [Extended Steve Aoki Remix (Explicit)]","Favoritas","Playlist","USUM70917762","5PX4uS1LqlWEPL69phPVQQ"
"Zombie","Breed 77","Insects","Favoritas","Playlist","GBMJG1920539","5rIIQ92QkbNIrRPo1EuBTH"
"Butterfly - Extreme Mix","Crazy Town","Butterfly","Favoritas","Playlist","USSM10014535","5ZTUyT51jAm5JNirWlJuo5"
"The Heart from Your Hate","Trivium","The Sin and the Sentence","Favoritas","Playlist","NLA321700256","5yDJpu0xh0d1w13gXaE3lS"
"Bank Robbery (Prologue)","Hans Zimmer","The Dark Knight (Collectors Edition) [Original Motion Picture Soundtrack]","Favoritas","Playlist","USWB10807404","2w8OYaXJa43Vnx7BoBF8Xc"
"Imagine the Fire","Hans Zimmer","The Dark Knight Rises (Original Motion Picture Soundtrack)","Favoritas","Playlist","USNLR1200303","5FOfiPfWiv6wP0SWG9fPlZ"
"Maybe Pain Can Save Us","Hans Zimmer","Inferno (Original Motion Picture Soundtrack)","Favoritas","Playlist","US4DG1600551","4TyHtwT3qOkbLarBUtspq9"
"The Equalizer","Harry Gregson-Williams","The Equalizer (Original Motion Picture Soundtrack)","Favoritas","Playlist","US3M51429411","1EW89f5iyD8x0n89N3cE6w"
"Vengeance","Zack Hemsey","The Way","Favoritas","Playlist","US5C31100001","5KH9kPpOZZV2WkJj6WWt1O"
"Fallout 4 Main Theme","Geek Music","Fallout 4 Main Theme","Favoritas","Playlist","QZ5FN1853133","544X3fi6wTKkKNRIazF4ih"
"Faster","Within Temptation","The Unforgiving","Favoritas","Playlist","NLR261000004","28HX0PibeXSL6cfAsvwSgD"
"Time - Alan Walker Remix","Alan Walker","Time (Alan Walker Remix)","Favoritas","Playlist","DEE862000720","5H9S7RaxxSAgY77Mb0CSPz"
"Super Mario Bros 3 Overworld (From ""Super Mario Bros 3"")","FamilyJules","Video Game Guitar Covers, Vol. 3","Favoritas","Playlist","USE831584333","6l6pIVUBARhj5vaJnCGDG1"
"Five Hours","Deorro","Five Hours","Favoritas","Playlist","CH3131340319","6r7FXNO57mlZCBY6PXcZZT"
"I Gotta Feeling - FMIF Remix; Edit","Black Eyed Peas","One More Love","Favoritas","Playlist","USUM70976986","3CN7K4Bh7S2dxyH3tCaOFF"
"Don't Stop (Color on the Walls) - D Berrie Radio Remix","Foster The People","Don't Stop (Color On The Walls) (Remixes)","Favoritas","Playlist","USSM11200408","6x0M179l7MO6uK3ye6mupF"
"Satisfaction - Radio Edit","Benni Binossa","Satisfaction","Favoritas","Playlist","DEON11100001","0jBglViXMGmizTWgC3bafc"
"Song 2 - 2012 Remaster","Blur","Blur (Special Edition)","Favoritas","Playlist","GBAYE1200348","1FTSo4v6BOZH9QxKc3MbVM"
"28 Days Later Main Theme (From ""28 Days Later"")","Geek Music","28 Days Later Main Theme (From ""28 Days Later"")","Favoritas","Playlist","GBWUL1826038","47AsriNLhUcdnMAB9UPFxx"
"Kids","MGMT","Oracular Spectacular","Favoritas","Playlist","USSM10702135","1jJci4qxiYcOHhQR247rEU"
"Freaks","Timmy Trumpet","Freaks","Favoritas","Playlist","AUNV01400450","2SHtP0auCWMCVTtxiO7t6G"
"Sandstorm","Darude","Sandstorm","Favoritas","Playlist","FISGC9900002","3gyYkQZkgJ3skbCmseIK7P"
"Do Or Die - Afrojack vs. THIRTY SECONDS TO MARS Remix","AFROJACK","Forget The World (Deluxe)","Favoritas","Playlist","USUM71403966","6rK8YLvFotZ78rb9m6MeqE"
"Sandstorm","David Garrett","Music","Favoritas","Playlist","GBUM71205842","7lySGgZNbfAOzH9Dg26sDM"
"I Walk Alone (Batista)","WWE","WWE: Wreckless Intent","Favoritas","Playlist","USBAC1010114","3cyX3DY6dvKJjYTvjB3d2Q"
"Root of All Evil (Aleister Black) [feat. Incendiary]","WWE","Root of All Evil (Aleister Black) [feat. Incendiary]","Favoritas","Playlist","USBAC1702200","0BmwlqxjfPa3nyn5gJVrXQ"
"Wake Up","Emigrate","Emigrate","Favoritas","Playlist","DEGD80700002","1y4wXbbAQLIzq0NORKkwLl"
"Sugar Tunes Numa Numa","Dan Balan, Balan","Sugar Tunes Numa Numa","Favoritas","Playlist","USI4R0604017","6zaiytvo35ZFyErUEKVhGB"
"#SELFIE - Instrumental Mix","The Chainsmokers","#SELFIE (Instrumental Mix)","Favoritas","Playlist","USDM31400069","0yZF78PEIHSDvHglEaSNjH"
"Eyes for You","The All Ways","Eyes for You","Favoritas","Playlist","TCABJ1259807","0o6ZSXfDiz3UsCcFhf3sw7"
"Vuelvo","Beto Cuevas","Miedo Escénico","Favoritas","Playlist","MXF150800398","4tjzE4v2zxOnFG8vKB51wC"
"Super Mario World Castle Theme","FamilyJules","Super Mario World Castle Theme","Favoritas","Playlist","QZFYZ1977954","2FiAdD8P1BQv6Dc2P3IJDC"
"Mombasa (From ""Inception"")","Hans Zimmer","Hans Zimmer - The Classics","Favoritas","Playlist","USSM11609636","2nYyQQe1R45bmT8MGIxXOL"
"We Will Rock You","David Garrett","Music","Favoritas","Playlist","GBUM71205846","4z5NtNa8aaPpGvNwU3FA4Y"
"Cold Rock the Mic - Instrumental Version","Apollo 440","Gettin' High On Your Own Supply","Favoritas","Playlist","GBBBM9902106","3pv6ERtxmFl3PmKB1yE4pY"
"My Life Is Going On - Música Original De La Serie De TV La Casa De Papel / Money Heist","Cecilia Krull","My Life Is Going On (Música Original De La Serie De TV La Casa De Papel / Money Heist)","Favoritas","Playlist","ES84S1700139","5ZEQjTroORCu6uWvZrdeNc"
"Black Ice","Konstantinos Papalexopoulos","Drums and Drones","Favoritas","Playlist","GBBGL1500826","1dbxHcusvnfxuRuwBTOP0a"
"Me Gustas Tanto","Miranda!","Me Gustas Tanto","Favoritas","Playlist","ARF101900228","76SrGtPpDkBrgJKzGM4Pn4"
"Infinity 2008","Guru Josh Project","SLAM!FM Presents Clubbin' Best of 2008/2009","Favoritas","Playlist","NLS240800222","7vseIfb8ooQmXzisuinchZ"
"Not Gonna Get Us","t.A.T.u.","200 KM/H In The Wrong Lane (10th Anniversary Edition)","Favoritas","Playlist","RUA110100023","6SmWHBXVdL14zir3Vzk0jH"
"Gun","SEREBRO","Serebration!","Favoritas","Playlist","IT0311200161","5PJVezYm3oXHn2haum5nLw"
"Apocalipsis Zombi","El Cuarteto De Nos","Apocalipsis Zombi","Favoritas","Playlist","ARF101700025","063bMRonMLP3UEZbG3uG2h"
"Ten Feet Tall","AFROJACK","Forget The World (Deluxe)","Favoritas","Playlist","CYA221400001","2ldAdghnrO34HPcZ0IWfTu"
"bad guy","Billie Eilish","WHEN WE ALL FALL ASLEEP, WHERE DO WE GO?","Favoritas","Playlist","USUM71900764","2Fxmhks0bxGSBdJ92vM42m"
"Flashback","Calvin Harris","Ready For The Weekend","Favoritas","Playlist","GBARL0900843","6A8llSO9QFF4djCCmuCrNu"
"La Bestia","El Cuarteto De Nos","Apocalipsis Zombi","Favoritas","Playlist","ARF101700032","4am7X8WNcYhqnToqnFH625"
"El hijo de Hernández","El Cuarteto De Nos","Bipolar","Favoritas","Playlist","ARF110900970","6lSypaQOcC6JtzfwpINLGW"
"Lo malo de ser bueno","El Cuarteto De Nos","Porfiado","Favoritas","Playlist","ARF111200008","7xB3hSztVbX6xFvQqEGKud"
"Turn Down for What","DJ Snake","Turn Down for What","Favoritas","Playlist","USSM11308174","67awxiNHNyjMXhVgsHuIrs"
"Find a Way (feat. Rudy)","Dirty South","Find a Way (feat. Rudy)","Favoritas","Playlist","TCACH1583641","4xRxj8myDxZb85dMeCQGWV"
"I'll Fly with You - Radio Edit","Gigi D'Agostino","Power up 2000's, Vol. 2","Favoritas","Playlist","FR2X41760447","7c2TBH1m3YYG45Lxat0ebM"
"Beautiful Life","Ace of Base","The Bridge","Favoritas","Playlist","SEVJH0803501","74jTexO94dFGyXGyeu8krd"
"Roar - From ""Monsters University""/Soundtrack Version","Axwell","Roar (from ""Monsters University"")","Favoritas","Playlist","USWD11365522","7FFNrnCsYaE0xpITg7sTSc"
"Miguel gritar","El Cuarteto De Nos","Bipolar","Favoritas","Playlist","ARF110900969","7f2ARhXdl9AbzkgG8HcAbw"
"Love Me Again","John Newman","Tribute","Favoritas","Playlist","GBUM71301538","5TbzAWWc5eJaANpA9kfGCd"
"Bella Ciao - Mix Cut","Hardwell","Hardwell presents Revealed Vol. 9","Favoritas","Playlist","NLQ8D1800141","4vJH4sXPuxuXHdaYVJlaIm"
"Speechless (feat. Erika Sirola)","Robin Schulz","Speechless (feat. Erika Sirola)","Favoritas","Playlist","DEA621801720","1rCcsYnmqbMYdkG7kS9GC5"
"Giant (with Rag'n'Bone Man)","Calvin Harris","Giant (with Rag'n'Bone Man)","Favoritas","Playlist","GBARL1801703","5itOtNx0WxtJmi1TQ3RuRd"
"Headlights (feat. Ilsey)","Robin Schulz","Headlights (feat. Ilsey)","Favoritas","Playlist","DEA621500407","06Hdbxh6NCy6TIhjdXTchB"
"Whatever It Takes","Imagine Dragons","Evolve","Favoritas","Playlist","USUM71703515","6Qn5zhYkTa37e91HC1D7lb"
"Natural","Imagine Dragons","Origins (Deluxe)","Favoritas","Playlist","USUM71806694","2FY7b99s15jUprqC0M5NCT"
"Shadows","Lindsey Stirling","Lindsey Stirling","Favoritas","Playlist","USTEY0900056","3SYVUv0uygsNGyZ9s1AXbE"
"Noots","Sum 41","Chuck","Favoritas","Playlist","USIR20400713","6wXNqGJ5eHfAaz8WcBN4Sp"
"Little Bad Girl (feat. Taio Cruz & Ludacris)","David Guetta","Nothing but the Beat (Ultimate Edition)","Favoritas","Playlist","GB28K1100020","55VzNhbcf0Gxf6qRCUAV01"
"Just One Last Time (feat. Taped Rai)","David Guetta","Nothing but the Beat (Ultimate Edition)","Favoritas","Playlist","GB28K1200051","043vxbUHxQErHDIe7zuC0O"
"For Whom The Bell Tolls (Remastered)","Metallica","Ride The Lightning (Deluxe Remaster)","Favoritas","Playlist","USEE10170109","51YZAJhOwIC5Gg3jMbAmhZ"
"Los Idiotas","Calle 13","MultiViral","Favoritas","Playlist","QMBUS1400009","09JGXbYR8MXjg6byTnltfr"
"Fireball (feat. John Ryan)","Pitbull","Fireball (feat. John Ryan)","Favoritas","Playlist","USRC11401783","49eplIHvgCLY8HAgcaWrUb"
"In My Dreams","Nóemi","In My Dreams","Favoritas","Playlist","ushm21826345","6VaqxAMpI7VLVTX9vnRbc8"
"Children","Robert Miles","Children (Dance Vault Mixes)","Favoritas","Playlist","GBARS9600151","4wtR6HB3XekEengMX17cpc"
"Drum & Drone","Justin Hurwitz","Whiplash (Original Motion Picture Soundtrack)","Favoritas","Playlist","US3M51428613","5aK019ld6aJZVjAXaoNxfa"
"Right Round","Flo Rida","R.O.O.T.S. (Route of Overcoming the Struggle)","Favoritas","Playlist","USAT20900156","3GpbwCm3YxiWDvy29Uo3vP"
"NARC","Interpol","Antics","Favoritas","Playlist","USMTD0461603","6taHi4hVcsu0cBZJ3QT6hp"
"Sun Is Shining","Axwell /\ Ingrosso","More Than You Know","Favoritas","Playlist","USUG11500070","4b2tcjrG1qUkSdsqEFP2dB"
"Extreme Ways","Moby","18","Favoritas","Playlist","GBAJH0200051","2OnqLGs0xZvr8ZNzWJELGo"
"We Are All Made of Stars","Moby","18","Favoritas","Playlist","GBAJH0200043","5od9UPQCNQ7Cwza7bqPBUu"
"Larger Than Life","Backstreet Boys","Millennium","Favoritas","Playlist","USJI19910620","6sbXGUn9V9ZaLwLdOfpKRE"
"He's A Pirate","David Garrett","Unlimited - Greatest Hits (Deluxe Version)","Favoritas","Playlist","GBBBA0841900","1WFx3KO19bJ7dbyW1SFU44"
"Viva La Vida","Coldplay","Viva La Vida or Death and All His Friends","Favoritas","Playlist","GBAYE0800265","1mea3bSkSGXuIRvnydlB5b"
"Enjoy the Ride","Krewella","Get Wet","Favoritas","Playlist","USSM11304460","6UEJtAnGHnK5tVhoPHD6tU"
"De Música Ligera - Me Verás Volver Gira 2007","Soda Stereo","Gira Me Verás Volver","Favoritas","Playlist","ARFSB0800765","6Ukx8yQT1o0URlryKL8lAr"
"Carry On","fun.","Some Nights","Favoritas","Playlist","USAT21104051","5xZjfKSfTooDP2rcAgjxlH"
"We Don't Have To Dance","Andy Black","The Shadow Side","Favoritas","Playlist","USUM71602135","13b32GfUIo3BV93C8KtEdj"
"Rise (Leave Me Alone) - Radio Edit","Safri Duo","3.5","Favoritas","Playlist","DKBKA0400114","038TPpNCTl39DUsFPsvlXm"
"Dimitto (Let Go) - Radio Edit","Kato","Dimitto (Let Go)","Favoritas","Playlist","DK4YA1303501","0dwkiSU3Wdg5yr7EN765vq"
"Samb-Adagio","Safri Duo","Episode ll","Favoritas","Playlist","DKBKA0100504","1ybk5jnPbTYCNgYYNRIMVl"
"Go Go Power Rangers (Redux)","Ron Wasserman","Power Rangers Redux","Favoritas","Playlist","ushm91268074","5BiTv8eMvZXMvVP1lgpwbm"
"United We Dance - Radio Edit","Vicetone","United We Dance (Radio Edit)","Favoritas","Playlist","USUS11202962","1ZuE6xOcK90eKdQ0EVC9gv"
"Funny Little Feeling","Rock n Roll Soldiers","Music From The WB Television Series One Tree Hill (change in 1 track bundle status)","Favoritas","Playlist","USAT20401860","7GQWE0XqXWKcU21LIV2XZi"
"Augen auf!","OOMPH!","Wahrheit oder Pflicht","Favoritas","Playlist","DEC760400001","6gcFq5UOdNa8LzTRd4lldD"
"I Gotta Feeling","Black Eyed Peas","THE E.N.D. (THE ENERGY NEVER DIES) [Deluxe Version]","Favoritas","Playlist","USUM70965169","4kLLWz7srcuLKA7Et40PQR"
"Labyrinth","OOMPH!","Monster","Favoritas","Playlist","DEC760800065","5GJtUX7Kez71ipe1OeDKF7"
"Dear Mozart","JerryC","Canon Rock","Favoritas","Playlist","TWD950940302","5MpH1PGdBuDvMPoyJH1r1x"
"Payphone","Maroon 5","Overexposed Track By Track","Favoritas","Playlist","USUM71203347","1XGmzt0PVuFgQYYnV2It7A"
"Techno Syndrome (Mortal Kombat)","The Immortals","Mortal Kombat: The Album","Favoritas","Playlist","USVI20700607","2hTx8adLNJBwhLsavI1Xvr"
"Lose Control - 2008 Remastered Version","Ash","1977 [Collectors Edition]","Favoritas","Playlist","GBCRL0800520","6GGaH9DJXRg4bQNR4OBTZ4"
"It's My Life","Bon Jovi","Crush","Favoritas","Playlist","USIR20000145","1zOaxkbS1kAY1gIi0g8sOm"
"Maria","Blondie","Maria","Favoritas","Playlist","USBY29900438","6nZOutMBlGD8rGMb8POIYr"
"Rollin' (Air Raid Vehicle)","Limp Bizkit","Chocolate Starfish And The Hot Dog Flavored Water","Favoritas","Playlist","USIR10001170","1jH2IzZ7JnixFoGG6XSnpf"
"My Way","Limp Bizkit","Chocolate Starfish And The Hot Dog Flavored Water","Favoritas","Playlist","USIR10001177","0FNP4X9OmYgFk2MRYVIFGB"
"Take A Look Around","Limp Bizkit","Chocolate Starfish And The Hot Dog Flavored Water","Favoritas","Playlist","USIR10000604","2xI7o9zYcqynmueNH4foku"
"Jeremy","Pearl Jam","Ten","Favoritas","Playlist","USSM19100674","62nQ8UZVqR2RMvkJHkcO2o"
"Next to Me","Otto Knows","Next To Me","Favoritas","Playlist","SE4OX1500106","6ZixfeFT8V0Nle1rMZAekY"
"In My Dreams","Noemi","In My Dreams","Favoritas","Playlist","ushm81629256","3xoZbUrqWJNZIEDk3Xb02b"
"Desolation Row","My Chemical Romance","Music From The Motion Picture Watchmen","Favoritas","Playlist","USRE10900001","1UA8SS9CMkOUjQq0Prvpzr"
"Astronomia","Vicetone","Astronomia","Favoritas","Playlist","DK4YA1609401","665AK0ovB11McZRwfa852G"
"No Beef ft. Miss Palmer - Vocal Mix","AFROJACK","No Beef","Favoritas","Playlist","NLC281110017","2fSYvZd64iOMjif8HbxbG6"
"I Need U","Swanky Tunes","I Need U","Favoritas","Playlist","NLWV71500037","6WkJqjyEAP1C0fKsp1KQWM"
"Super Mario World Theme (Overworld Theme)","Video Game Players","40 Classic Video Game Songs","Favoritas","Playlist","TCACD1556710","1aDIypeF6B4aztxkI03Xj4"
"Super Mario Bros. 3 Theme","The Greatest Bits","8-Bit Nes Top 50, Vol. 1","Favoritas","Playlist","uscgj1412721","1zEqJ6VIgfU580Qo2sojwo"
"Beethoven Scherzo","David Garrett","Music","Favoritas","Playlist","GBUM71205838","2NlJYctjRBC3umiKcLvVtp"
"Peer Gynt","David Garrett","Rock Symphonies","Favoritas","Playlist","GBBBA1042770","0jJUqxVWvgn71YBkmlkBsO"
"Lose Yourself","David Garrett","Explosive (Deluxe)","Favoritas","Playlist","GBUM71505218","5dECb0YYO0GHu3AWNqfrIM"
"Viva La Vida","David Garrett","Music","Favoritas","Playlist","GBUM71205781","3vsrdrQ7Xz2ktOFu61sffl"
"Depende","Jarabe De Palo","Depende","Favoritas","Playlist","ES5039800155","6aaPUBUFw9KEW1p1inVQv9"
"Children Of Sanchez","Chuck Mangione","A&M Gold Series","Favoritas","Playlist","USAM17800366","5aVkn02fIcUy0DpDKjsFYk"
"Usted","PXNDX","Sangre Fría","Favoritas","Playlist","MXUM71300162","1rlKM8YE2VnNz6Xgs4cpKn"
"My Generation","Limp Bizkit","Chocolate Starfish And The Hot Dog Flavored Water","Favoritas","Playlist","USIR10001123","4qkrGFb5V8PaI8eBjgrIsu"
"Rollin' (Air Raid Vehicle)","Limp Bizkit","Chocolate Starfish And The Hot Dog Flavored Water (Explicit Version)","Favoritas","Playlist","USIR10001170","1wlCaDAgPOCDogw24pB1fZ"
"I'm Still Standing","Taron Egerton","Sing (Original Motion Picture Soundtrack Deluxe)","Favoritas","Playlist","USQ4E1602400","6vn8dvUpDC4YeaAh3BI25r"
"Set It All Free","Scarlett Johansson","Set It All Free (From ""Sing"" Original Motion Picture Soundtrack)","Favoritas","Playlist","USQ4E1602401","5qpddGBjns63fNDYWOxSjs"
"Sweet Dreams (Are Made Of This)","Marilyn Manson","Smells Like Children","Favoritas","Playlist","USIR19500314","2miAut6dp9BWdGmOxwSGEC"
"Bad Romance","Lady Gaga","The Fame Monster (Explicit Version)","Favoritas","Playlist","USUM70918596","1CZOrmHUUjeDP7N2B4Ba6S"
"Forgot About Dre","Dr. Dre","2001 (Explicit Version)","Favoritas","Playlist","USIR19915077","0Zh5U48tZNeAzzLTV1CVBE"
"Heathens","Twenty One Pilots","Suicide Squad: The Album","Favoritas","Playlist","USAT21601930","3vZM2544ETmOCCHuBPZRzm"
"Lose Yourself - From ""8 Mile"" Soundtrack","Eminem","Curtain Call (Deluxe)","Favoritas","Playlist","USIR10211559","7w9bgPAmPTtrkt2v16QWvQ"
"Smells Like Teen Spirit","Nirvana","Nevermind (Deluxe Edition)","Favoritas","Playlist","USGF19942501","1f3yAtsJtY87CTmM8RLnxf"
"Yendo a la Casa de Damián","El Cuarteto De Nos","Raro","Favoritas","Playlist","UYB141602504","27JpiXdW4QmLwYQaQYymY2"
"An Honest Mistake","The Bravery","An Honest Mistake (Int'l ECD Maxi)","Favoritas","Playlist","USIR20500157","6jiI3qFbEGa3BcokGwtrn1"
"Cuán lejos voy","Sara Paula Gómez Arias","Moana: un mar de aventuras (Sonora Original en Español)","Favoritas","Playlist","USWD11678030","3PLUdohaGz2cr0vtUczLm3"
"Holiday","Green Day","Holiday","Favoritas","Playlist","USRE10500451","5vfjUAhefN7IjHbTvVCT4Z"
"Legacy - Radio Edit","Nicky Romero","Legacy","Favoritas","Playlist","NLUW21300051","4IWLawtdMznqdOnbOR9cWW"
"Bodies","Drowning Pool","Sinner (Unlucky 13th Anniversary Deluxe Edition)","Favoritas","Playlist","QMFMK1400044","610hGZWl5lBl1mfmJkm0KG"
"Sandstorm - Radio Edit","Darude","Before The Storm","Favoritas","Playlist","FISGC9900001","24CXuh2WNpgeSYUOvz14jk"
"Boiler","Limp Bizkit","Chocolate Starfish And The Hot Dog Flavored Water","Favoritas","Playlist","USUM71509903","3ycw3m6jOgoPulkdkjhH1r"
"Break Stuff","Limp Bizkit","Greatest Hitz","Favoritas","Playlist","USIR19902309","40bH4IjgbKDz0OFcjr028i"
"Knights of Cydonia","Muse","Black Holes and Revelations","Favoritas","Playlist","GBAHT0500600","7ouMYWpwJ422jRcDASZB7P"
"The Pretender","Foo Fighters","Echoes, Silence, Patience & Grace","Favoritas","Playlist","USRW30700007","7x8dCjCr0x6x2lXKujYD34"
"Uprising","Muse","The Resistance","Favoritas","Playlist","GBAHT0900320","4VqPOruhp5EdPBeR92t6lQ"
"Debonaire","Dope","Felons and Revolutionaries","Favoritas","Playlist","USSM19901518","0eEJrthp6PcMd33xs2NLrc"
"Somebody Told Me","The Killers","Hot Fuss","Favoritas","Playlist","USIR20400195","6PwjJ58I4t7Mae9xfZ9l9v"
"Somebody Told Me","The Killers","Hot Fuss","Favoritas","Playlist","USIR20400195","6PwjJ58I4t7Mae9xfZ9l9v"
"Light It Up","Rev Theory","Light It Up","Favoritas","Playlist","USUM70812004","1o5kUcODWoTo3mdCbLogtT"
"Hail to the King","Avenged Sevenfold","Hail to the King","Favoritas","Playlist","USWB11302191","5anCkDvJ17aznvK5TED5uo"
"My Innermost Apocalypse","Danny Baranowsky","The Binding of Isaac","Favoritas","Playlist","TCABR1346040","6RhaiLFQ37OPhDPSV6oN0j"
"Metalmancy","Danny Baranowsky","Crypt of the Necrodancer (Original Game Soundtrack)","Favoritas","Playlist","USQY51560142","4oCgyeoerlLgB4QaHbvTPF"
"My Favourite Game","The Cardigans","Gran Turismo","Favoritas","Playlist","SEBKB9802010","0Ssq7X1zG3iUqTDEKPaT1J"
"The Only","Static-X","Shadow Zone","Favoritas","Playlist","USWB10301803","35ZmCVnfYRdK1iLGCxNhMa"
"Nine Thou (Grant Mohrman Superstars Remix)","Styles Of Beyond","Nine Thou (Grant Mohrman Superstars Remix)","Favoritas","Playlist","USHM80779813","1tecfydTJfh9cKUJV4d3vo"
"Radioactive","Imagine Dragons","Night Visions","Favoritas","Playlist","USUM71201074","62yJjFtgkhUrXktIoSjgP2"
"Ready to Go","Republica","Republica","Favoritas","Playlist","GBARL9600018","7Duqn8un04Nz5n4PWk83Q5"
"Heart-Shaped Box","Nirvana","In Utero (Deluxe Edition)","Favoritas","Playlist","USGF19960703","11LmqTE2naFULdEP94AUBa"
"Mama Said","Lukas Graham","Lukas Graham (Blue Album)","Favoritas","Playlist","DKUM71400126","7675gjlUZzneYiMrQ9Inx8"
"Don't You Worry Child - Radio Edit","Swedish House Mafia","Don't You Worry Child","Favoritas","Playlist","GBAAA1200728","2V65y3PX4DkRhy1djlxd9p"
"Faded","Alan Walker","Different World","Favoritas","Playlist","NOG841549010","698ItKASDavgwZ3WjaWjtz"
"Don't Stop the Devil","Dead Posey","Freak Show - EP","Favoritas","Playlist","USQY51747081","5l7vWgnWtg7RmtrafJGBTQ"
"Living in the Shadows","Matthew Perryman Jones","Living in the Shadows","Favoritas","Playlist","TCACL1614930","6gijbGNDNNJgT60Aj7UCyc"
"The Fox (What Does the Fox Say?)","Ylvis","The Fox (What Does the Fox Say?)","Favoritas","Playlist","NOAGW1300374","5HOpkTTVcmZHnthgyxrIL8"
"Hollywood Whore","Papa Roach","Metamorphosis","Favoritas","Playlist","USUM70839461","3DeWSLlxWcddUKF4SM5uvP"
"Cole’s Memories - Original Mix","Pyramid","We Are Your Friends (Music From The Original Motion Picture)","Favoritas","Playlist","FRU701500062","1yMbUKRRiISrp66LUHRpSr"
"I Can Be Somebody (feat. Erin McCarley)","Deorro","I Can Be Somebody (feat. Erin McCarley)","Favoritas","Playlist","USUS11203543","0sxvPuybHVMwEvCSfbJDM6"
"Nova","Ahrix","Nova","Favoritas","Playlist","GB2LD0901578","1N6WVPLRCCAVPQH63HWuTH"
"One Piece - Evacuation (Metrion Dubstep Remix)","","","Favoritas","Playlist","","8f52ad71178bfa6a061ac76f321f97c4"
"One Piece - Let's Battle (Beat Adix Remix)","","","Favoritas","Playlist","","36ed4e9c427b79c753f9c7a50ca0da4c"
"Root of All Evil (Aleister Black)","","","Favoritas","Playlist","","dd5dc5bb8aba5627f7f99996c8957cd3"
"Sugar Tunes Numa Numa","","","Favoritas","Playlist","","8261464c020d332e99015e82a5ac2d0a"
"Resident Evil Movie Ending Theme Unreleased","","","Favoritas","Playlist","","eeb1c7e2f158a2f4d72a6d2510926af9"
"I Feel Love (feat. Venus Hum)","Blue Man Group","The Complex","Favoritas","Playlist","USAT20300019","7JcfxybGYZPQGegNWCAcw7"
"Rods And Cones","Blue Man Group","Audio","Favoritas","Playlist","USVI29900238","7o4i6eiHjZqbASnSy3pKAq"
"Sugaan Essena - Original Music from ""Star Wars Jedi: Fallen Order""","The HU","Sugaan Essena (Original Music from ""Star Wars Jedi: Fallen Order"")","Favoritas","Playlist","USWD12096709","4hArxLcGoeEMYHzqfgffT4"
"Chop Suey!","System Of A Down","Toxicity","Favoritas","Playlist","USSM10107256","2DlHlPMa4M17kufBvI2lEN"
"Root of All Evil (Aleister Black)","","","Favoritas","Playlist","","dd5dc5bb8aba5627f7f99996c8957cd3"
"Drumbone","Blue Man Group","Audio","Favoritas","Playlist","USVI29900243","2vHlQuYkOYOP2WVMAXMzAH"
"I Think I'm Paranoid (2018 Remaster)","Garbage","Version 2.0 (20th Anniversary Deluxe Edition)","Favoritas","Playlist","USAL19800023","47YEvXHvRjQqKcx7l79xvr"
"Tear in My Heart","Twenty One Pilots","Blurryface","Favoritas","Playlist","USAT21500390","3bnVBN67NBEzedqQuWrpP4"
"Resist and Disorder","Rezodrone","Cyberpunk 2077: Radio, Vol. 3 (Original Soundtrack)","Favoritas","Playlist","USLS52085311","4onvDep8OyHKT85RBO3b4V"
"Life Will Change (from ""Persona 5"") [Instrumental] - Metal Version","FamilyJules","Life Will Change (Metal version)","Favoritas","Playlist","QMPKX1731056","4T4vXVwYz7DH264ZlVfa1f"
"Favorite Disease","Rev Theory","Light It Up","Favoritas","Playlist","USUM70806885","32qeScHrjhExBdfGDnGTdX"
"City Of Dreams - Radio Edit","Dirty South","City Of Dreams","Favoritas","Playlist","GBUYR1200032","54ZPmGE1uOG9IYoUBSRSp7"
"Boulevard of Broken Dreams","Green Day","Greatest Hits: God's Favorite Band","Favoritas","Playlist","USRE10400985","5GorCbAP4aL0EJ16frG2hd"
"Wake Me up When September Ends","Green Day","American Idiot","Favoritas","Playlist","USRE10400992","3ZffCQKLFLUvYM59XKLbVm"
"Painkiller","Three Days Grace","Human","Favoritas","Playlist","USRC11400506","6OMO6WdRhSfjMPAiPT94wH"
"If I Lose Myself - Alesso vs OneRepublic","OneRepublic","Native","Favoritas","Playlist","USUM71303190","3ScJy88F8KqGDfWu8XJhHx"
"Martin Garrix - Animals","","","Favoritas","Playlist","","10b08b1b5bd6341c6ea5c4cf4736e1bd"
"Martin Solveig feat. Kele - Ready 2 Go (Original Mix)","","","Favoritas","Playlist","","74400fa341ebc2dadc467a056c505871"
"Imagine Dragons - Radioactive (Live At The Joint)","","","Favoritas","Playlist","","8a355e62fe15367edb54fc2fc52f29a0"
"Heavydirtysoul","Twenty One Pilots","Blurryface","Favoritas","Playlist","USAT21500596","7i9763l5SSfOnqZ35VOcfy"
"Between Angels And Insects","Papa Roach","Infest","Favoritas","Playlist","USDW10021716","24z528iI9kZu5LbkLainjI"
"Can't Hold Us (feat. Ray Dalton)","Macklemore","The Heist","Favoritas","Playlist","GMM881200021","3bidbhpOYeV4knp8AIu8Xn"
"Marilyn Manson - Resident Evil Main Title Theme (Corp. Umbrella) (SX Long)","","","Favoritas","Playlist","","4d5b6f54111a78233c6bd94091aeabb1"
"The Current (feat. Gavin Rossdale) (New Album)","Blue Man Group","The Complex","Favoritas","Playlist","USAT20300633","69tKyapYgMul5bH0tcUAWN"
"Time to Start","Blue Man Group","The Complex","Favoritas","Playlist","USAT20300026","5dd5jvcUTWU4oksugr6ogU"
"Enter Sandman","Metallica","Metallica","Favoritas","Playlist","GBF089190013","5sICkBXVmaCQk5aISGR3x1"
"Seven Nation Army - David Garrett Edition","David Garrett","Seven Nation Army (David Garrett Edition)","Favoritas","Playlist","DEUM72405636","6U8q1xDd4s0I9Fl8P3oEqb"
"Underdog","Kasabian","West Ryder Pauper Lunatic Asylum","Favoritas","Playlist","GBARL0801796","3PbsDnKdrZY0ttX7VE9s5R"
"Skal","Miracle Of Sound","Level 12","Favoritas","Playlist","QZK6K2302976","6ybRWbM4jdku0Pk8SzjORB"
"Triangle","The HU","Rumble Of Thunder","Favoritas","Playlist","USDPK2200140","3r8cuEUAWmmllMZXf1rE1x"
"Grótti","SKÁLD","Vikings Memories","Favoritas","Playlist","FRUM72001096","1S5t8hop6LjcNecjLjRZuS"
"Sex Type Thing","Stone Temple Pilots","Core","Favoritas","Playlist","USAT29200009","2nWjhmRImt6LScZIPQMBnM"
"Marilyn Manson - Resident Evil Main Title Theme (Corp. Umbrella) (SX Long)","Digital AMP Audio","","Favoritas","Playlist","","4d5b6f54111a78233c6bd94091aeabb1"
"Martin Garrix - Animals (Official Video)","STMPD RCRDS","","Favoritas","Playlist","","fd6643b2fccaf54982b054a5ffa0273e"
"Martin Solveig ft. Kele - Ready 2 Go ( Official Music video ) [HD]","Spinnin' Records","","Favoritas","Playlist","","b884fe2fbc1f261214ee675b249d3a6f"
"One Piece - Evacuation","","","Favoritas","Playlist","","881ace31ce22e69c57d866ba57379e32"
"One Piece - Lets Battle","","","Favoritas","Playlist","","3f0a04604a9ca2d020b6800eb03d6c12"
"Resident Evil Movie Ending Theme (Unreleased)","DreamSquare Pictures","","Favoritas","Playlist","","0b2bd6d10774e7bf3d436ad82095f6ba"
"Sugar Tunes Numa Numa","Dan Bălan","Sugar Tunes Numa Numa","Favoritas","Playlist","","8261464c020d332e99015e82a5ac2d0a"
"Mary Jo feat. Tommi Inkila - Bang bang mystery man","Jessicatrequarti","","Favoritas","Playlist","","19f6c035397d548c7754ba54141ee74e"
"Tommy Inkila Defy the Machine","marcusgta4","","Favoritas","Playlist","","c50b510959fd7bb2309a7602a3ba76d3"
"Lifeline","Papa Roach","Metamorphosis","Favoritas","Playlist","USUM70900314","04hf4vWXR2ObRoxz9FR4a4"
"Psycho","Muse","Drones","Favoritas","Playlist","GBAHT1500068","383QXk8nb2YrARMUwDdjQS"
"What's This Life For","Creed","My Own Prison","Favoritas","Playlist","USWU39709049","47g58JwbrICO639LCbqlQ4"
"Nuestra Aflicción","PXNDX","Poetics","Favoritas","Playlist","MXF610900010","1mk451MgaAzG5lbjwL9v6N"
"Martirio de Otro","PXNDX","Poetics","Favoritas","Playlist","MXF610900013","2ob69MQEtve1f8kkoV98Qs"
"Beautiful Things","Benson Boone","Beautiful Things","Favoritas","Playlist","USWB12307016","6tNQ70jh4OwmPGpYy6R2o9"
"Nookie","Limp Bizkit","Significant Other","Favoritas","Playlist","USIR19902308","47Wf9dKEHGptcL1lyQIsZk"